eval_id,scenario_id,family,split
sc-042304,shock_ci_2021_2022,shock,optimization
sc-0ce4d6,trap_noise_drift_lookalike_b,noise_trap,heldout
sc-11135c,ip_recovery_cardio_x04,recovery,heldout
sc-12be68,noop_neutral_controls,none,heldout
sc-137901,sys_trend_tpd_ip_2019_2023,systemic,optimization
sc-14cdd9,baseline,none,optimization
sc-17d82f,ip_recovery_cancer_x05,recovery,optimization
sc-21b383,sys_drift_diverge_2020_2023,systemic,heldout
sc-2d248f,volatility_ip_sigma_03,volatility,optimization
sc-314eca,sys_vol_macro_2019_2021,systemic,optimization
sc-3411b2,sys_shock_inverse_2017_2019,systemic,heldout
sc-3627d2,sys_trend_tpd_ip_2015_2018,systemic,heldout
sc-3c83fd,drift_ci_down_2016_2019,drift,optimization
sc-409000,ip_recovery_mental_health_x2,recovery,optimization
sc-48351f,shock_tpd_ip_2023,shock,optimization
sc-4a7f9e,sys_shock_inverse_2021_2022,systemic,optimization
sc-5e376b,shock_covid_2020_2022,shock,optimization
sc-62c222,volatility_ci_sigma_015,volatility,heldout
sc-63f1c7,mixed_drift_death_shock_ci,mixed,optimization
sc-696b93,shock_death_2016,shock,heldout
sc-6e2478,volatility_death_sigma_02,volatility,optimization
sc-6fe297,sys_shock_tpd_ip_2022,systemic,heldout
sc-73fd27,sys_drift_aging_2016_2019,systemic,heldout
sc-7e3a65,shock_ip_2018_2019,shock,heldout
sc-87e6e7,drift_ci_up_2021_2023,drift,heldout
sc-88fa33,volatility_tpd_sigma_04,volatility,heldout
sc-8a9fa1,trap_noise_drift_lookalike,noise_trap,optimization
sc-8d3b47,sys_drift_diverge_2018_2024,systemic,optimization
sc-90a5be,drift_ip_down_2020_2024,drift,heldout
sc-9372cd,drift_tpd_up_2019_2021,drift,optimization
sc-9660b9,trap_noise_spike_lookalike,noise_trap,optimization
sc-9db072,ip_recovery_mh_msk,recovery,heldout
sc-a15166,trap_noise_spike_lookalike_b,noise_trap,heldout
sc-a3e6a6,sys_shock_crisis_2015_2016,systemic,heldout
sc-abbec4,sys_shock_tpd_ip_2021_2022,systemic,optimization
sc-bba653,sys_shock_crisis_2020_2022,systemic,optimization
sc-c9d78b,sys_cascade_drift_shock_2018,systemic,heldout
sc-ca7798,mixed_triple_ci_ip_mh,mixed,heldout
sc-d72b95,sys_cascade_shock_drift_2020,systemic,optimization
sc-da1123,sys_drift_aging_2018_2024,systemic,optimization
sc-e28a00,mixed_shock_tpd_drift_death,mixed,heldout
sc-e549ad,ip_recovery_injury_x15,recovery,heldout
sc-e6ffa4,sys_vol_macro_2020_2024,systemic,heldout
sc-f19bae,shock_ci_tpd_2015_2016,shock,heldout
sc-f520e5,mixed_drift_ip_vol_death,mixed,optimization
sc-f69eea,drift_death_up_2018_2024,drift,optimization
sc-f916b9,drift_death_up_2015_2017,drift,heldout
